{
  "casp12": {
    "q3": 0.4171143514965464,
    "sov": 0.5041743970315399
  },
  "cb513": {
    "q3": 0.41459969394790386,
    "sov": 0.49629614718789
  }
}