{
  "CB513": {
    "Q3": 0.6900526461623718,
    "SOV": 0.9511448643031524
  },
  "CASP12": {
    "Q3": 0.8067805953693495,
    "SOV": 0.9802268101192207
  },
  "TS115": {
    "Q3": 0.8507271747912739,
    "SOV": 0.9875867872922365
  }
}