{
  "mse": 279.6441650390625,
  "r2": 0.9928088784217834,
  "mae": 13.73416519165039,
  "training_time": 10.312379360198975,
  "config": {
    "hidden_dims": [
      64,
      32
    ],
    "dropout": 0.0,
    "epochs": 100,
    "lr": 0.001,
    "batch_size": 32
  }
}